company,annual_volume_mt,sourcing_regions,top3_concentration,diversification_score,preparedness_score,vulnerability_score,estimated_climate_cost_2050_M,cost_pct_revenue,climate_disclosure,sustainability_commitment
illycaffè,8000,12,0.6,0.32,0.120875,0.7596499999999999,41.12987538582296,11.424965384950823,Sustainability report,Carbon neutral by 2033
Lavazza,60000,25,0.45,0.525,0.09046666666666667,0.6488133333333334,263.4661839201647,9.758006811857953,Basic ESG,Sustainable sourcing 100% by 2030
JDE Peets,180000,35,0.38,0.6599999999999999,0.18029166666666666,0.5318833333333334,647.9518757920267,7.999405873975639,Partial TCFD,Carbon neutral by 2040
Starbucks,172000,29,0.175,0.7024999999999999,0.3,0.45850000000000013,207.7880329914331,2.68459990945004,TCFD-aligned,Net-zero by 2050
Nestlé (Nescafé),230000,50,0.4,0.8,0.27045652173913043,0.4118173913043478,641.0418509830808,6.193641072300298,TCFD-compliant,Net-zero by 2050
