year,business_as_usual_MT,net_zero_MT
2024,15.3,15.3
2030,17.230285014739202,7.65
2035,19.023626918438183,6.426
2040,21.00362128788637,2.754
2045,23.189695061638204,1.5300000000000002
2050,25.603297149616587,0.7650000000000007
