year,cost_of_inaction_M,cost_of_net_zero_M,avoided_cost_M
2030,158.4814963655394,880.5225237279387,-722.0410273623993
2050,207.7880329914331,302.2888032991434,-94.5007703077103
