scenario,scenario_name,annual_impact,npv_30yr
ssp126,Net Zero 2050,118.24734020176162,1331.2029368925196
ssp245,Delayed Transition,158.8338099238712,1788.1166196864335
ssp585,Current Policies,175.3880329914331,1974.4804763948482
