scenario,period,volume_at_risk_mt,cost_green_M,cost_green_adjusted_M,profit_at_risk_M,pct_at_risk,scenario_name,year,npv_30yr_M
ssp126,mid_term,5733.042765447906,20.065649679067672,20.103064247958287,118.24734020176162,3.3331643985162245,Net Zero 2050,2050,1331.2029368925196
ssp126,near_term,5564.127708081786,19.474446978286252,19.50484883001302,114.76336893715668,3.2349579698149924,Net Zero 2050,2030,
ssp245,mid_term,7700.816131160739,26.952856459062588,27.02425736315669,158.8338099238712,4.477218680907407,Delayed Transition,2050,1788.1166196864335
ssp245,near_term,7199.606913361487,25.198624196765206,25.26572188771844,148.49607840605358,4.1858179728845855,Delayed Transition,2030,
ssp585,mid_term,8503.422503812857,29.761978763345,29.85290367844251,175.3880329914331,4.943850292914452,Current Policies,2050,1974.4804763948482
ssp585,near_term,7171.7491754630655,25.10112211412073,25.162636251824143,147.9214963655394,4.169621613641318,Current Policies,2030,
