scenario_code,scenario_name,year,physical_risk_M,carbon_cost_M,total_climate_cost_M,volume_at_risk_mt,pct_supply_at_risk
ssp126,Net Zero 2050,2030,114.76336893715668,216.0,330.76336893715666,5564.127708081786,3.2349579698149924
ssp126,Net Zero 2050,2050,118.24734020176162,877.5,995.7473402017616,5733.042765447906,3.3331643985162245
ssp245,Delayed Transition,2030,148.49607840605358,126.0,274.4960784060536,7199.606913361487,4.1858179728845855
ssp245,Delayed Transition,2050,158.8338099238712,2295.0,2453.8338099238713,7700.816131160739,4.477218680907407
ssp585,Current Policies,2030,147.9214963655394,10.56,158.4814963655394,7171.7491754630655,4.169621613641318
ssp585,Current Policies,2050,175.3880329914331,32.4,207.7880329914331,8503.422503812857,4.943850292914452
