scenario,scenario_name,annual_cost_2050_M,npv_30yr_M,pct_of_total_revenue,pct_of_total_assets
ssp126,Net Zero 2050,995.7473402017616,11209.907820486878,3.0966596189190276e-05,3.2028308058533936e-05
ssp245,Delayed Transition,2453.8338099238713,27624.729392163994,7.631140716067401e-05,7.892779826332569e-05
ssp585,Current Policies,207.7880329914331,2339.2326567121777,6.461968664950767e-06,6.683521876320508e-06
